{
  "timestamp": 1757158022.761689,
  "runtime_hours": 0.004186608857578701,
  "total_cycles": 4,
  "total_queries": 80,
  "overall_accuracy": 62.5,
  "recent_accuracy": 62.5,
  "recent_cost_score": 54.375,
  "recent_heavy_recall": 65.83333333333333,
  "routing_distribution": {
    "fast": 18.75,
    "code": 63.74999999999999,
    "heavy": 17.5
  },
  "accuracy_trend": [
    {
      "cycle": 1,
      "accuracy": 45.0,
      "timestamp": 1757158007.690144,
      "query_count": 20
    },
    {
      "cycle": 2,
      "accuracy": 75.0,
      "timestamp": 1757158012.7059505,
      "query_count": 20
    },
    {
      "cycle": 3,
      "accuracy": 65.0,
      "timestamp": 1757158017.721806,
      "query_count": 20
    },
    {
      "cycle": 4,
      "accuracy": 65.0,
      "timestamp": 1757158022.7468553,
      "query_count": 20
    }
  ],
  "queries_per_hour": 800.0,
  "cycles_per_hour": 40.0,
  "hard_negatives": 9
}