{
  "timestamp": 1757158007.6960897,
  "runtime_hours": 1.7201900482177734e-06,
  "total_cycles": 1,
  "total_queries": 20,
  "overall_accuracy": 45.0,
  "recent_accuracy": 45.0,
  "recent_cost_score": 7.499999999999996,
  "recent_heavy_recall": 33.333333333333336,
  "routing_distribution": {
    "fast": 20.0,
    "code": 65.0,
    "heavy": 15.0
  },
  "accuracy_trend": [
    {
      "cycle": 1,
      "accuracy": 45.0,
      "timestamp": 1757158007.690144,
      "query_count": 20
    }
  ],
  "queries_per_hour": 200.0,
  "cycles_per_hour": 10.0,
  "hard_negatives": 6
}